{"_wandb":{"runtime":30},"_step":160,"file_index":161,"file_name":"samples_20241214_143653.json","mean_rmsd":21.28779905301742,"median_rmsd":9.844705322729885,"_timestamp":1.7341560190061505e+09,"_runtime":30.317458367}