{"file_index":1,"file_name":"samples_20241214_143653.json","mean_rmsd":21.28779905301742,"median_rmsd":9.844705322729885,"_wandb":{"runtime":0},"_timestamp":1.734245964628019e+09,"_runtime":0.700564297,"_step":0}