{"_step":1,"_wandb":{"runtime":38},"file_index":2,"file_name":"samples_20250104_221041.json","mean_rmsd":0.0036852076142348646,"median_rmsd":0.0037969248443980854,"_timestamp":1.7360531065110466e+09,"_runtime":38.749859741}