{"_wandb":{"runtime":1},"mean_rmsd":0.17343306503730338,"median_rmsd":0.04810935376812652,"_timestamp":1.7369105678068335e+09,"_runtime":1.350765391,"_step":7,"file_index":8,"file_name":"ood_3.json"}