{"_runtime":3.502683439,"_step":4,"_wandb":{"runtime":3},"file_index":5,"file_name":"ood_1.json","mean_rmsd":0.3266991485724931,"median_rmsd":0.2720083052890411,"_timestamp":1.7372767251284542e+09}