{"_runtime":0.806487341,"_step":0,"file_index":1,"_wandb":{"runtime":0},"file_name":"samples_20250101_034705.json","mean_rmsd":8.896230010421486e+16,"median_rmsd":17.795967237831174,"_timestamp":1.7356930525213802e+09}