{"_runtime":0.984546174,"_step":0,"file_index":1,"file_name":"samples_20241227_223021.json","mean_rmsd":3.529379453849873,"median_rmsd":1.8581012835262372,"_wandb":{"runtime":0},"_timestamp":1.7361556854486637e+09}