{"median_rmsd":0.10844125057528228,"_timestamp":1.7364293341301641e+09,"_runtime":1.312163306,"_step":2,"_wandb":{"runtime":1},"file_index":3,"file_name":"val_ood.json","mean_rmsd":0.15815152319563885}