{"_timestamp":1.7340659045942125e+09,"_runtime":25.495276425,"_step":114,"file_index":115,"_wandb":{"runtime":25},"file_name":"samples_20241212_231053.json","mean_rmsd":43.8338965134723,"median_rmsd":48.509132326285055}