{"_timestamp":1.7363032656192915e+09,"_runtime":0.990259925,"_wandb":{"runtime":0},"_step":0,"file_index":1,"file_name":"samples_20250108_112559.json","mean_rmsd":0.047889573609236936,"median_rmsd":0.017562340297032648}