{"_step":7,"file_index":8,"_wandb":{"runtime":1},"file_name":"ood_3.json","mean_rmsd":0.17343306503730338,"median_rmsd":0.04810935376812652,"_timestamp":1.7370014413381104e+09,"_runtime":1.373605157}