{"_wandb":{"runtime":99},"file_name":"samples_20250106_124620.json","mean_rmsd":0.003685197880752389,"median_rmsd":0.0037969406580826218,"_timestamp":1.736135542420927e+09,"_runtime":99.686383201,"_step":3,"file_index":4}