{"_timestamp":1.736910743256952e+09,"_wandb":{"runtime":1},"_runtime":1.170666721,"_step":7,"file_index":8,"file_name":"ood_3.json","mean_rmsd":0.17343306503730338,"median_rmsd":0.04810935376812652}