{"_timestamp":1.7336711339870064e+09,"_runtime":18.041296376,"_wandb":{"runtime":18},"_step":69,"file_index":70,"file_name":"samples_20241208_231508.json","mean_rmsd":55.45527261658518,"median_rmsd":64.0727406334102}