{"mean_rmsd":57.78361889560218,"median_rmsd":49.48708334944984,"_timestamp":1.7340659286059308e+09,"_runtime":3.947742904,"_step":26,"file_index":27,"file_name":"samples_20241213_051417.json","_wandb":{"runtime":3}}