{"_timestamp":1.7347842323095376e+09,"_runtime":2.565891518,"_step":24,"file_index":25,"_wandb":{"runtime":2},"file_name":"samples_20241221_152328.json","mean_rmsd":66.62606779833138,"median_rmsd":71.9463998510918}