{"file_index":4,"file_name":"samples_20250106_135332.json","mean_rmsd":0.0036851866139460273,"median_rmsd":0.0037969181782213993,"_timestamp":1.736139451200467e+09,"_runtime":101.367069518,"_step":3,"_wandb":{"runtime":101}}