{"_runtime":0.776195583,"_step":0,"file_index":1,"file_name":"id_0.json","mean_rmsd":0.36429205271579684,"median_rmsd":0.21440150887141168,"_timestamp":1.7368125804447248e+09,"_wandb":{"runtime":0}}