{"_runtime":1.207802217,"_step":2,"file_index":3,"file_name":"id_2.json","mean_rmsd":0.19964199794978407,"median_rmsd":0.12887682247981586,"_timestamp":1.7372639211379366e+09,"_wandb":{"runtime":1}}