{"_timestamp":1.737028583666528e+09,"_runtime":1.666960105,"_step":10,"file_index":11,"_wandb":{"runtime":1},"file_name":"ood_3.json","mean_rmsd":0.17343306503730338,"median_rmsd":0.04810935376812652}