{"median_rmsd":5.167122388833391,"_timestamp":1.7349675704531305e+09,"_runtime":0.639709636,"_step":1,"_wandb":{"runtime":0},"file_index":2,"file_name":"samples_20241223_001623.json","mean_rmsd":22.169298913598283}