{"_runtime":0.576445723,"_step":1,"_wandb":{"runtime":0},"file_index":2,"file_name":"samples_20241223_001623.json","mean_rmsd":22.169298913598283,"median_rmsd":5.167122388833391,"_timestamp":1.7349525233026688e+09}