{"_timestamp":1.7372185579486673e+09,"_runtime":0.616801345,"_step":0,"file_index":1,"_wandb":{"runtime":0},"file_name":"samples_20250119_014211.json","mean_rmsd":0.2638425741262986,"median_rmsd":0.2923770880069475}