{"file_index":3,"file_name":"samples_20250107_231635.json","mean_rmsd":0.0036169792044647014,"median_rmsd":0.0035688361573599217,"_wandb":{"runtime":65},"_timestamp":1.7362594976199093e+09,"_runtime":65.720282705,"_step":2}