{"mean_rmsd":0.3743270553667801,"median_rmsd":0.4535958959687105,"_timestamp":1.7370296017732344e+09,"_runtime":1.223979144,"_step":2,"file_index":3,"_wandb":{"runtime":1},"file_name":"ood_0_789.json"}