{"_step":0,"_wandb":{"runtime":1},"file_index":1,"file_name":"samples_5000_timesteps.json","mean_rmsd":8.343245095648316,"median_rmsd":1.5840190992409835,"_timestamp":1.7348453887198505e+09,"_runtime":1.289354785}