{"median_rmsd":0.27503494898885816,"_wandb":{"runtime":40},"_timestamp":1.7372580025621996e+09,"_runtime":40.081543717,"_step":0,"file_index":1,"file_name":"id_1.json","mean_rmsd":0.4072074707906928}