{"_wandb":{"runtime":1},"_runtime":1.958609254,"_step":5,"file_index":6,"file_name":"samples_20241222_203243.json","mean_rmsd":2.89046257493802,"median_rmsd":1.6740992943294875,"_timestamp":1.7348672547484796e+09}