{"_step":0,"file_index":1,"file_name":"samples_20250111_002613.json","mean_rmsd":0.41167279452827804,"median_rmsd":0.271024189994057,"_wandb":{"runtime":0},"_timestamp":1.7365234414588127e+09,"_runtime":0.636484605}