{"median_rmsd":1.7306591587315823,"_timestamp":1.7349676197107015e+09,"_runtime":1.4905644200000001,"_wandb":{"runtime":1},"_step":5,"file_index":6,"file_name":"samples_20241224_002252.json","mean_rmsd":17.22308137497866}