{"_runtime":1.5501603670000002,"_step":1,"file_index":2,"file_name":"val_id.json","mean_rmsd":0.04789033265490165,"median_rmsd":0.01756172922416054,"_timestamp":1.7363230087668242e+09,"_wandb":{"runtime":1}}