{"_wandb":{"runtime":1},"_timestamp":1.7369339340250342e+09,"_runtime":1.5428898210000002,"_step":8,"file_index":9,"file_name":"samples_20250115_183820.json","mean_rmsd":28.85542638140236,"median_rmsd":15.96478406893784}