{"file_name":"id_0.json","mean_rmsd":0.36429205271579684,"median_rmsd":0.21440150887141168,"_timestamp":1.7368280436156359e+09,"_runtime":0.667529394,"_step":0,"_wandb":{"runtime":0},"file_index":1}