{"median_rmsd":493.6545050385234,"_timestamp":1.7362934836768322e+09,"_runtime":0.615252502,"_step":0,"file_index":1,"file_name":"samples_20250108_011243.json","_wandb":{"runtime":0},"mean_rmsd":480.19535606316765}