{"_runtime":0.963275085,"_step":2,"file_index":3,"file_name":"val_ood.json","mean_rmsd":0.14967763302013323,"_wandb":{"runtime":0},"median_rmsd":0.09736927177903373,"_timestamp":1.7363274158166528e+09}