{"file_index":11,"file_name":"ood_3.json","mean_rmsd":0.20349127542591017,"median_rmsd":0.15752936454606534,"_timestamp":1.7373853115215204e+09,"_runtime":1.801777741,"_step":10,"_wandb":{"runtime":1}}