{"mean_rmsd":0.0036851866139460273,"median_rmsd":0.0037969181782213993,"_timestamp":1.7361452957887256e+09,"_runtime":41.696390959,"_step":1,"file_index":2,"_wandb":{"runtime":41},"file_name":"val(ID).json"}