{"_step":67,"file_index":68,"file_name":"samples_20241201_080257.json","mean_rmsd":72.9112344473262,"_wandb":{"runtime":6},"median_rmsd":71.19822596602405,"_timestamp":1.733031140529504e+09,"_runtime":6.298859432}