{"file_name":"id_3..json","mean_rmsd":0.18065365507389872,"median_rmsd":0.12931662716144512,"_timestamp":1.7368577348785899e+09,"_runtime":1.252480114,"_step":3,"_wandb":{"runtime":1},"file_index":4}