{"_runtime":1.883432777,"_step":1,"_wandb":{"runtime":2},"file_index":2,"file_name":"samples_20241223_131948.json","mean_rmsd":26.11329983028206,"median_rmsd":1.8592391709419795,"_timestamp":1.735140986363475e+09}