{"_step":0,"_wandb":{"runtime":31},"file_index":1,"file_name":"samples_20250106_214921.json","mean_rmsd":0.003378261005665792,"median_rmsd":0.0033415060908062602,"_timestamp":1.7361678614309778e+09,"_runtime":31.415960826}