{"_step":0,"file_index":1,"file_name":"samples_20241227_223021.json","mean_rmsd":3.529379453849873,"median_rmsd":1.8581012835262372,"_timestamp":1.7353062554980633e+09,"_wandb":{"runtime":0},"_runtime":0.740014944}