{"_runtime":0.590415045,"_step":0,"file_index":1,"file_name":"val_id.json","mean_rmsd":0.4116749178146372,"_wandb":{"runtime":0},"median_rmsd":0.2710225324655777,"_timestamp":1.7364296085367212e+09}