{"_runtime":0.590854313,"_step":0,"_wandb":{"runtime":0},"file_index":1,"file_name":"train.json","mean_rmsd":0.09136816106878215,"median_rmsd":0.06326531457734096,"_timestamp":1.736429565887678e+09}