{"_runtime":2.4766545,"_step":25,"file_index":26,"file_name":"samples_20241202_225808.json","mean_rmsd":82.23436569438749,"median_rmsd":88.99288577093265,"_timestamp":1.7331480828629088e+09,"_wandb":{"runtime":2}}