{"_runtime":1.372568265,"_step":8,"file_index":9,"file_name":"samples_20250115_192534.json","mean_rmsd":369.31040849243703,"median_rmsd":0.11922436106341512,"_timestamp":1.7369516635378423e+09,"_wandb":{"runtime":1}}