{"median_rmsd":0.3650654519989106,"_timestamp":1.7353748283873947e+09,"_runtime":0.963988707,"_step":0,"file_index":1,"file_name":"samples_20241228_140140.json","mean_rmsd":0.840769464986896,"_wandb":{"runtime":0}}