{"file_name":"val.json","mean_rmsd":2.840570267980842,"_wandb":{"runtime":1},"median_rmsd":1.267696693931394,"_timestamp":1.7356930328775008e+09,"_runtime":1.1909014199999999,"_step":1,"file_index":2}