{"file_name":"train.json","mean_rmsd":0.09136816106878215,"median_rmsd":0.06326531457734096,"_timestamp":1.7364296622292047e+09,"_runtime":0.619193791,"_step":0,"file_index":1,"_wandb":{"runtime":0}}