{"_timestamp":1.7372994388238347e+09,"_runtime":1.608423921,"_step":9,"file_index":10,"file_name":"ood_3.json","mean_rmsd":0.20349127542591017,"median_rmsd":0.15752936454606534,"_wandb":{"runtime":1}}