{"median_rmsd":17.73109532223701,"_timestamp":1.7337412077850754e+09,"_runtime":20.254565367,"_wandb":{"runtime":20},"_step":101,"file_index":102,"file_name":"samples_20241209_174952.json","mean_rmsd":28.53865364546138}