{"_timestamp":1.7362604589584112e+09,"_runtime":31.062729921,"_step":1,"_wandb":{"runtime":31},"file_index":2,"file_name":"samples_20250107_232930.json","mean_rmsd":242.06124124422095,"median_rmsd":234.65960984846504}