{"_step":5,"_wandb":{"runtime":1},"file_index":6,"file_name":"samples_20241224_002252.json","mean_rmsd":17.22308137497866,"median_rmsd":1.7306591587315823,"_timestamp":1.7351410614290771e+09,"_runtime":1.741287905}