{"median_rmsd":0.04810935376812652,"_timestamp":1.7369103823443499e+09,"_runtime":1.115019705,"_step":7,"file_index":8,"file_name":"ood_3.json","mean_rmsd":0.17343306503730338,"_wandb":{"runtime":1}}