{"median_rmsd":0.10844125057528228,"_timestamp":1.7365233352125638e+09,"_wandb":{"runtime":1},"_runtime":1.819707877,"_step":3,"file_index":4,"file_name":"val_ood.json","mean_rmsd":0.15815152319563885}