{"_runtime":1.6236369389999998,"_wandb":{"runtime":1},"_step":8,"file_index":9,"file_name":"ood_3.json","mean_rmsd":0.17343306503730338,"median_rmsd":0.04810935376812652,"_timestamp":1.7370084433613048e+09}