{"_step":0,"_wandb":{"runtime":7},"file_index":1,"file_name":"samples_20250104_143140.json","mean_rmsd":0.0034318840448988204,"median_rmsd":0.0033843283710126267,"_timestamp":1.735992955442913e+09,"_runtime":7.921858433}