{"_step":15,"file_index":8,"file_name":"ood_3.json","mean_rmsd":0.17343306503730338,"median_rmsd":0.04810935376812652,"_timestamp":1.7369096337671587e+09,"_runtime":1.169547502,"_wandb":{"runtime":1}}