{"_wandb":{"runtime":38},"_timestamp":1.7361693693833802e+09,"_runtime":38.870412132,"_step":1,"file_index":2,"file_name":"samples_20250106_221410.json","mean_rmsd":0.003431207079485236,"median_rmsd":0.003349531853070863}