{"file_index":1,"file_name":"samples_20241214_143653.json","mean_rmsd":21.28779905301742,"_wandb":{"runtime":0},"median_rmsd":9.844705322729885,"_timestamp":1.7342460928289306e+09,"_runtime":0.66090747,"_step":0}