{"mean_rmsd":0.047889573609236936,"median_rmsd":0.017562340297032648,"_timestamp":1.7363059015010858e+09,"_runtime":1.152913936,"_step":1,"file_index":2,"file_name":"train.json","_wandb":{"runtime":1}}