{"_step":0,"_wandb":{"runtime":0},"file_index":1,"file_name":"samples_20241214_143653.json","mean_rmsd":21.28779905301742,"median_rmsd":9.844705322729885,"_timestamp":1.7342458359434733e+09,"_runtime":0.676334588}