{"mean_rmsd":242.06124124422095,"median_rmsd":234.65960984846504,"_timestamp":1.7362606427719116e+09,"_runtime":79.242490547,"_step":1,"_wandb":{"runtime":79},"file_index":2,"file_name":"samples_20250107_232930.json"}