{"mean_rmsd":0.0035837127239730883,"median_rmsd":0.00350933701175151,"_timestamp":1.7361553618795836e+09,"_runtime":51.090963913,"_step":0,"file_index":1,"_wandb":{"runtime":88},"file_name":"samples_20250106_182112.json"}