{"_step":2,"file_index":3,"file_name":"samples_20250107_231635.json","mean_rmsd":0.003551969655489217,"median_rmsd":0.0035373969482951962,"_wandb":{"runtime":67},"_timestamp":1.7362596160916908e+09,"_runtime":67.773660281}