{"file_index":1,"file_name":"val_ood.json","mean_rmsd":0.15815152319563885,"_wandb":{"runtime":0},"median_rmsd":0.10844125057528228,"_timestamp":1.7364296829193928e+09,"_runtime":0.563063492,"_step":0}