{"_runtime":2.225115032,"_step":9,"_wandb":{"runtime":2},"file_index":10,"file_name":"samples_20241222_220221.json","mean_rmsd":72.5263569903374,"median_rmsd":57.18880522895192,"_timestamp":1.7348727736936023e+09}