{"median_rmsd":0.1633687818841844,"_timestamp":1.7373371636514523e+09,"_runtime":1.589177264,"_step":10,"_wandb":{"runtime":1},"file_index":11,"file_name":"samples_20250120_011524.json","mean_rmsd":0.32473429922021607}