{"file_index":2,"file_name":"samples_20250108_095508.json","mean_rmsd":0.8057646152638215,"median_rmsd":0.3291957492824314,"_timestamp":1.7363006683352997e+09,"_runtime":0.525880965,"_step":1,"_wandb":{"runtime":1}}