{"file_name":"samples_20241228_194739.json","mean_rmsd":2.840570267980842,"_wandb":{"runtime":1},"median_rmsd":1.267696693931394,"_timestamp":1.7353840339907978e+09,"_runtime":1.27270036,"_step":3,"file_index":4}