{"file_index":10,"file_name":"ood_3.json","mean_rmsd":0.20349127542591017,"median_rmsd":0.15752936454606534,"_wandb":{"runtime":1},"_timestamp":1.7372980174609895e+09,"_runtime":1.5225200719999998,"_step":9}