{"_wandb":{"runtime":1},"file_index":2,"file_name":"samples_5000_timesteps.json","mean_rmsd":8.343245095648316,"median_rmsd":1.5840190992409835,"_timestamp":1.7348485553176198e+09,"_runtime":1.035661588,"_step":1}