{"_timestamp":1.7369096860964901e+09,"_runtime":1.250509619,"_step":15,"file_index":8,"file_name":"ood_3.json","mean_rmsd":0.17343306503730338,"_wandb":{"runtime":1},"median_rmsd":0.04810935376812652}