{"_runtime":41.270763859,"_step":1,"file_index":2,"file_name":"samples_20250104_221041.json","mean_rmsd":0.0036852076142348646,"_wandb":{"runtime":41},"median_rmsd":0.0037969248443980854,"_timestamp":1.7359963180080168e+09}