{"file_name":"ood_3.json","mean_rmsd":0.20349127542591017,"_wandb":{"runtime":1},"median_rmsd":0.15752936454606534,"_timestamp":1.737385336238723e+09,"_runtime":1.545095425,"_step":10,"file_index":11}