{"_step":8,"file_index":9,"file_name":"samples_20250115_192534.json","mean_rmsd":369.31040849243703,"median_rmsd":0.11922436106341512,"_timestamp":1.736951836858211e+09,"_wandb":{"runtime":1},"_runtime":1.321249754}